{"topic_performance":{"T001_CS101":{"mean":84.59999999999999,"std_dev":7.0408332840178325,"min_score":72.0,"max_score":96.0},"T002_CS101":{"mean":82.68000000000001,"std_dev":9.181372446426515,"min_score":64.0,"max_score":96.0},"T003_CS101":{"mean":84.8,"std_dev":6.845436436049933,"min_score":70.0,"max_score":94.0},"T004_CS101":{"mean":85.8,"std_dev":6.867313885355758,"min_score":74.0,"max_score":95.0},"T005_CS202":{"mean":79.13333333333334,"std_dev":7.401501349200864,"min_score":65.0,"max_score":92.0},"T006_CS202":{"mean":80.34999999999999,"std_dev":8.736561108353788,"min_score":62.0,"max_score":93.0},"T007_CS202":{"mean":84.06666666666666,"std_dev":6.6779903830086145,"min_score":70.0,"max_score":94.0},"T008_CS202":{"mean":77.8,"std_dev":6.910861017268399,"min_score":67.0,"max_score":88.0},"T009_MATH150":{"mean":82.13333333333334,"std_dev":7.7448190567773905,"min_score":68.0,"max_score":96.0},"T010_MATH150":{"mean":81.0,"std_dev":7.447594690010102,"min_score":68.0,"max_score":94.0},"T011_MATH150":{"mean":84.3,"std_dev":6.986415389883427,"min_score":74.0,"max_score":96.0},"T012_MATH150":{"mean":81.40000000000001,"std_dev":6.343500610861483,"min_score":72.0,"max_score":91.0},"T013_ENG101":{"mean":82.0,"std_dev":5.033222956847166,"min_score":73.0,"max_score":90.0},"T014_ENG101":{"mean":80.93333333333334,"std_dev":4.972814986392405,"min_score":72.0,"max_score":89.0},"T015_ENG101":{"mean":84.59999999999999,"std_dev":4.758150901348127,"min_score":77.0,"max_score":91.0},"T016_ENG101":{"mean":81.40000000000001,"std_dev":4.409081537009721,"min_score":75.0,"max_score":87.0}},"student_trends":{"S001":{"slope":4.397316821465428,"initial_score":164.0,"final_score":356.0,"improvement":192.0},"S002":{"slope":3.491228070175439,"initial_score":188.0,"final_score":348.0,"improvement":160.0},"S003":{"slope":4.418988648090815,"initial_score":150.0,"final_score":336.0,"improvement":186.0},"S004":{"slope":3.6831785345717236,"initial_score":136.0,"final_score":308.0,"improvement":172.0},"S005":{"slope":3.5407636738906088,"initial_score":156.0,"final_score":320.0,"improvement":164.0}},"critical_points":{"T001":{"difficulty":0.15400000000000003,"failure_rate":0.0},"T002":{"difficulty":0.1731999999999999,"failure_rate":0.0},"T003":{"difficulty":0.15200000000000002,"failure_rate":0.0},"T004":{"difficulty":0.14200000000000002,"failure_rate":0.0},"T005":{"difficulty":0.20866666666666656,"failure_rate":0.0},"T006":{"difficulty":0.1965,"failure_rate":0.0},"T007":{"difficulty":0.15933333333333333,"failure_rate":0.0},"T008":{"difficulty":0.22199999999999998,"failure_rate":0.0},"T009":{"difficulty":0.17866666666666664,"failure_rate":0.0},"T010":{"difficulty":0.18999999999999995,"failure_rate":0.0},"T011":{"difficulty":0.15700000000000003,"failure_rate":0.0},"T012":{"difficulty":0.18599999999999994,"failure_rate":0.0},"T013":{"difficulty":0.18000000000000005,"failure_rate":0.0},"T014":{"difficulty":0.19066666666666665,"failure_rate":0.0},"T015":{"difficulty":0.15400000000000003,"failure_rate":0.0},"T016":{"difficulty":0.18599999999999994,"failure_rate":0.0}},"topic_correlations":{"T001_T002":0.9666833096504794,"T001_T003":0.8849579371303166,"T001_T004":0.9177603299721956,"T001_T005":0.9809502032069085,"T001_T006":0.9527034627915012,"T001_T007":0.7704749524688662,"T001_T008":0.9872512302472916,"T001_T009":0.9655850512429695,"T001_T010":0.9675051893023707,"T001_T011":0.9863041848950879,"T001_T012":0.9865953093791071,"T001_T013":0.7148618286804501,"T001_T014":0.7304003570316261,"T001_T015":0.7265698565443648,"T001_T016":0.7562640010822281,"T002_T003":0.7782838218383865,"T002_T004":0.8977608340930925,"T002_T005":0.970775514659032,"T002_T006":0.7182157837945228,"T002_T007":0.7944251688495468,"T002_T008":0.9738111152952692,"T002_T009":0.9760391991332126,"T002_T010":0.9434302137042753,"T002_T011":0.9716510283342665,"T002_T012":0.9797096670113542,"T002_T013":0.727134384580033,"T002_T014":0.710402687736279,"T002_T015":0.6978403387870203,"T002_T016":0.73924388273362,"T003_T004":0.7764977546650748,"T003_T005":0.8783604945638516,"T003_T006":0.8923917398533229,"T003_T007":0.5331388922078353,"T003_T008":0.9589764587144639,"T003_T009":0.8494210307451005,"T003_T010":0.8940629993781629,"T003_T011":0.8363810854206948,"T003_T012":0.9173855129558548,"T003_T013":0.6441608936337768,"T003_T014":0.6853312788087792,"T003_T015":0.6588885095104954,"T003_T016":0.6310048572074912,"T004_T005":0.8876273001172566,"T004_T006":0.8006983497154889,"T004_T007":0.975053770353246,"T004_T008":0.9792230195124337,"T004_T009":0.8633705404673661,"T004_T010":0.8509217916789024,"T004_T011":0.9120864655631118,"T004_T012":0.9571328955383728,"T004_T013":0.5759370902253467,"T004_T014":0.6151272313982402,"T004_T015":0.6708345783577303,"T004_T016":0.7602522864777521,"T005_T006":0.9698569911538343,"T005_T007":0.7645819639275544,"T005_T008":0.9984987491745142,"T005_T009":0.9917241348160536,"T005_T010":0.9880864443694689,"T005_T011":0.9826390922815809,"T005_T012":0.9957719090423711,"T005_T013":0.7802418461258688,"T005_T014":0.7827163113171126,"T005_T015":0.7745448560767289,"T005_T016":0.8004242524351064,"T006_T007":0.6779199462376052,"T006_T008":0.9898237600984239,"T006_T009":0.9651677875467706,"T006_T010":0.978225257471722,"T006_T011":0.9210800169570019,"T006_T012":0.9914464823110277,"T006_T013":0.7939401030533483,"T006_T014":0.8003094394172333,"T006_T015":0.7689898719335753,"T006_T016":0.8267673819143255,"T007_T008":0.9992035364222185,"T007_T009":0.7822488972656377,"T007_T010":0.7238368315212257,"T007_T011":0.9594211652900608,"T007_T012":0.9885130297693046,"T007_T013":0.6327140317225041,"T007_T014":0.6264811845468474,"T007_T015":0.7132257694573374,"T007_T016":0.7892884578421607,"T008_T009":0.9886409505650039,"T008_T010":0.990767918487718,"T008_T011":0.9839968344227679,"T008_T012":0.9918097888586176,"T008_T013":0.725592491093993,"T008_T014":0.7715952792802172,"T008_T015":0.7463018345363804,"T008_T016":0.796834984148259,"T009_T010":0.9870503396307652,"T009_T011":0.9792714441018674,"T009_T012":0.9955436929954359,"T009_T013":0.8020919157819401,"T009_T014":0.7930253227791175,"T009_T015":0.7715393968314556,"T009_T016":0.7984997357491104,"T010_T011":0.9744851509095907,"T010_T012":0.9941445990171672,"T010_T013":0.7807483207048228,"T010_T014":0.7902325708968769,"T010_T015":0.7700872575698137,"T010_T016":0.7858575437682911,"T011_T012":0.9941983304822217,"T011_T013":0.7298721128439244,"T011_T014":0.7484685999301403,"T011_T015":0.7797266572553609,"T011_T016":0.8022611459210306,"T012_T013":0.7833676972412278,"T012_T014":0.8217164494093152,"T012_T015":0.7977822417602851,"T012_T016":0.845221150013771,"T013_T014":0.9881757230377579,"T013_T015":0.9712051629845615,"T013_T016":0.9938608057728027,"T014_T015":0.9805518365576778,"T014_T016":0.9978118631019743,"T015_T016":0.9921948450690659},"pass_excellence_rates":{"E001":{"pass_rate":1.0,"excellence_rate":1.0,"passing_score":60.0,"excellence_threshold":85.0},"E002":{"pass_rate":1.0,"excellence_rate":0.2,"passing_score":60.0,"excellence_threshold":85.0},"E003":{"pass_rate":1.0,"excellence_rate":1.0,"passing_score":60.0,"excellence_threshold":85.0},"E004":{"pass_rate":1.0,"excellence_rate":1.0,"passing_score":60.0,"excellence_threshold":85.0},"E005":{"pass_rate":1.0,"excellence_rate":1.0,"passing_score":60.0,"excellence_threshold":85.0},"E006":{"pass_rate":1.0,"excellence_rate":1.0,"passing_score":60.0,"excellence_threshold":85.0},"E007":{"pass_rate":1.0,"excellence_rate":1.0,"passing_score":60.0,"excellence_threshold":85.0},"E008":{"pass_rate":1.0,"excellence_rate":1.0,"passing_score":60.0,"excellence_threshold":85.0},"E009":{"pass_rate":1.0,"excellence_rate":0.2,"passing_score":60.0,"excellence_threshold":85.0},"E010":{"pass_rate":1.0,"excellence_rate":0.2,"passing_score":60.0,"excellence_threshold":85.0},"E011":{"pass_rate":1.0,"excellence_rate":1.0,"passing_score":60.0,"excellence_threshold":85.0},"E012":{"pass_rate":1.0,"excellence_rate":1.0,"passing_score":60.0,"excellence_threshold":85.0},